iter	Logloss
0	0.6780156456
1	0.6630637396
2	0.6497512887
3	0.6375912298
4	0.6252870428
5	0.6133367622
